antecedents,consequents,antecedent support,consequent support,support,confidence,lift,leverage,conviction,zhangs_metric
frozenset({'administration'}),frozenset({'obama'}),0.007535927,0.048194883,0.004118472,0.546511628,11.33961945,0.003755279,2.09885231,0.918737155
frozenset({'ben'}),frozenset({'affleck'}),0.009901858,0.007886435,0.007623554,0.769911504,97.62477876,0.007545464,4.311878185,0.999655142
frozenset({'affleck'}),frozenset({'ben'}),0.007886435,0.009901858,0.007623554,0.966666667,97.62477876,0.007545464,29.70294427,0.997624399
frozenset({'affleck'}),frozenset({'garner'}),0.007886435,0.006046267,0.004118472,0.522222222,86.37101449,0.004070788,2.080368278,0.996279133
frozenset({'garner'}),frozenset({'affleck'}),0.006046267,0.007886435,0.004118472,0.68115942,86.37101449,0.004070788,3.111628907,0.994434659
frozenset({'affleck'}),frozenset({'jennifer'}),0.007886435,0.041885734,0.004819488,0.611111111,14.58995816,0.004489159,2.463722397,0.938863998
frozenset({'alex'}),frozenset({'jennifer'}),0.006221521,0.041885734,0.004731861,0.76056338,18.15805292,0.004471268,4.001536051,0.95084371
frozenset({'lopez'}),frozenset({'alex'}),0.006834911,0.006221521,0.004206099,0.615384615,98.91224269,0.004163575,2.583824045,0.9967024
frozenset({'alex'}),frozenset({'lopez'}),0.006221521,0.006834911,0.004206099,0.676056338,98.91224269,0.004163575,3.06585745,0.996087206
frozenset({'rodriguez'}),frozenset({'alex'}),0.004994742,0.006221521,0.004907115,0.98245614,157.9125278,0.00487604,56.64537329,0.998655407
frozenset({'alex'}),frozenset({'rodriguez'}),0.006221521,0.004994742,0.004907115,0.788732394,157.9125278,0.00487604,4.709691553,0.999888206
frozenset({'angelina'}),frozenset({'brad'}),0.025148966,0.036014721,0.015948125,0.634146341,17.60797579,0.015042392,2.634893095,0.96754019
frozenset({'angelina'}),frozenset({'jolie'}),0.025148966,0.021381002,0.020592359,0.818815331,38.29639573,0.020054649,5.401224083,0.999012001
frozenset({'jolie'}),frozenset({'angelina'}),0.021381002,0.025148966,0.020592359,0.963114754,38.29639573,0.020054649,26.4292947,0.995165519
frozenset({'angelina'}),frozenset({'pitt'}),0.025148966,0.030757098,0.014458465,0.574912892,18.69203967,0.013684956,2.280104204,0.970918897
frozenset({'aniston'}),frozenset({'jennifer'}),0.021556257,0.041885734,0.020679986,0.959349593,22.90396979,0.019777086,23.56961094,0.97740872
frozenset({'theroux'}),frozenset({'aniston'}),0.008675079,0.021556257,0.00595864,0.686868687,31.86400591,0.005771638,3.124707439,0.977092985
frozenset({'barack'}),frozenset({'obama'}),0.023396425,0.048194883,0.019277953,0.823970037,17.09662921,0.018150365,5.407063114,0.964064603
frozenset({'barack'}),frozenset({'president'}),0.023396425,0.036540484,0.012092534,0.516853933,14.14469323,0.011237617,1.994137138,0.951565334
frozenset({'garner'}),frozenset({'ben'}),0.006046267,0.009901858,0.004556607,0.753623188,76.1092728,0.004496738,4.018633636,0.992864118
frozenset({'ben'}),frozenset({'jennifer'}),0.009901858,0.041885734,0.005169996,0.522123894,12.46543489,0.00475525,2.004942815,0.928976766
frozenset({'bieber'}),frozenset({'gomez'}),0.015685244,0.018752191,0.008675079,0.553072626,29.49376077,0.008380946,2.195541973,0.981489425
frozenset({'bieber'}),frozenset({'justin'}),0.015685244,0.031107606,0.015422362,0.983240223,31.60771107,0.014934432,57.81057951,0.983793186
frozenset({'bieber'}),frozenset({'selena'}),0.015685244,0.020942867,0.009989485,0.636871508,30.40994834,0.009660991,2.69617272,0.982527203
frozenset({'blake'}),frozenset({'gwen'}),0.017437785,0.013845075,0.011654399,0.668341709,48.2728834,0.011412971,2.973406515,0.996664049
frozenset({'gwen'}),frozenset({'blake'}),0.013845075,0.017437785,0.011654399,0.841772152,48.2728834,0.011412971,6.2097932,0.993033054
frozenset({'blake'}),frozenset({'shelton'}),0.017437785,0.013582194,0.013582194,0.778894472,57.34673367,0.013345351,4.461298713,1
frozenset({'shelton'}),frozenset({'blake'}),0.013582194,0.017437785,0.013582194,1,57.34673367,0.013345351,inf,0.996091321
frozenset({'blake'}),frozenset({'stefani'}),0.017437785,0.012530669,0.010778128,0.618090452,49.32621148,0.010559621,2.585610484,0.997114267
frozenset({'stefani'}),frozenset({'blake'}),0.012530669,0.017437785,0.010778128,0.86013986,49.32621148,0.010559621,7.025319839,0.992159222
frozenset({'jolie'}),frozenset({'brad'}),0.021381002,0.036014721,0.013757448,0.643442623,17.86610028,0.012987417,2.703590896,0.964653332
frozenset({'pitt'}),frozenset({'brad'}),0.030757098,0.036014721,0.030581844,0.994301994,27.60821012,0.029474135,169.1794164,0.994362598
frozenset({'brad'}),frozenset({'pitt'}),0.036014721,0.030757098,0.030581844,0.849148418,27.60821012,0.029474135,6.425142465,0.999785901
frozenset({'caitlyn'}),frozenset({'jenner'}),0.010339993,0.02891693,0.009025587,0.872881356,30.18582435,0.008726586,7.639186821,0.976973769
frozenset({'health'}),frozenset({'care'}),0.031370487,0.029617946,0.024623204,0.784916201,26.50137186,0.023694074,4.511646433,0.993430503
frozenset({'care'}),frozenset({'health'}),0.029617946,0.031370487,0.024623204,0.831360947,26.50137186,0.023694074,5.743803076,0.991636336
frozenset({'react'}),frozenset({'celebrities'}),0.005257624,0.007798808,0.004206099,0.8,102.5797753,0.004165096,4.961005959,0.995485377
frozenset({'celebrities'}),frozenset({'react'}),0.007798808,0.005257624,0.004206099,0.539325843,102.5797753,0.004165096,2.159318817,0.998034973
frozenset({'hillary'}),frozenset({'clinton'}),0.013494567,0.016035752,0.011041009,0.818181818,51.02235469,0.010824614,5.411803365,0.993811808
frozenset({'clinton'}),frozenset({'hillary'}),0.016035752,0.013494567,0.011041009,0.68852459,51.02235469,0.010824614,3.167201653,0.996378425
frozenset({'supreme'}),frozenset({'court'}),0.004819488,0.006747284,0.004556607,0.945454545,140.1237308,0.004524089,18.20963313,0.997671717
frozenset({'court'}),frozenset({'supreme'}),0.006747284,0.004819488,0.004556607,0.675324675,140.1237308,0.004524089,3.065155976,0.999608089
frozenset({'cruise'}),frozenset({'tom'}),0.005520505,0.010515247,0.004644234,0.841269841,80.0047619,0.004586185,6.233753943,0.992982509
frozenset({'cyrus'}),frozenset({'miley'}),0.005608132,0.005520505,0.005432878,0.96875,175.4821429,0.005401918,31.82334385,0.999909036
frozenset({'miley'}),frozenset({'cyrus'}),0.005520505,0.005608132,0.005432878,0.984126984,175.4821429,0.005401918,62.6466877,0.999820931
frozenset({'despite'}),frozenset({'report'}),0.01191728,0.024009814,0.006834911,0.573529412,23.88729068,0.006548779,2.288528711,0.969692835
frozenset({'disick'}),frozenset({'scott'}),0.005169996,0.023922187,0.005169996,1,41.8021978,0.005046319,inf,0.981150357
frozenset({'donald'}),frozenset({'trump'}),0.012881178,0.022695408,0.010252366,0.795918367,35.06957687,0.009960022,4.788792499,0.984162427
frozenset({'holmes'}),frozenset({'foxx'}),0.010690501,0.007010165,0.006834911,0.639344262,91.20245902,0.006759968,2.753289998,0.999722922
frozenset({'foxx'}),frozenset({'holmes'}),0.007010165,0.010690501,0.006834911,0.975,91.20245902,0.006759968,39.57237995,0.996017631
frozenset({'foxx'}),frozenset({'jamie'}),0.007010165,0.009025587,0.007010165,1,110.7961165,0.006946894,inf,0.997970349
frozenset({'jamie'}),frozenset({'foxx'}),0.009025587,0.007010165,0.007010165,0.776699029,110.7961165,0.006946894,4.446867523,1
frozenset({'katie'}),frozenset({'foxx'}),0.011128637,0.007010165,0.006834911,0.614173228,87.61181102,0.006756897,2.573667532,0.999711439
frozenset({'foxx'}),frozenset({'katie'}),0.007010165,0.011128637,0.006834911,0.975,87.61181102,0.006756897,39.55485454,0.995565089
frozenset({'garner'}),frozenset({'jennifer'}),0.006046267,0.041885734,0.005783386,0.956521739,22.83645625,0.005530134,22.03662811,0.962027041
frozenset({'gomez'}),frozenset({'justin'}),0.018752191,0.031107606,0.011391518,0.607476636,19.52823483,0.010808182,2.468368718,0.966924039
frozenset({'selena'}),frozenset({'gomez'}),0.020942867,0.018752191,0.018576937,0.887029289,47.30270207,0.018184212,8.685860238,0.9997982
frozenset({'gomez'}),frozenset({'selena'}),0.018752191,0.020942867,0.018576937,0.990654206,47.30270207,0.018184212,104.7591132,0.997566109
frozenset({'gov'}),frozenset({'scott'}),0.011303891,0.023922187,0.005871013,0.519379845,21.71121901,0.005600599,2.030871578,0.964847393
frozenset({'walker'}),frozenset({'gov'}),0.007711181,0.011303891,0.004118472,0.534090909,47.24841438,0.004031305,2.122079454,0.986441901
frozenset({'shelton'}),frozenset({'gwen'}),0.013582194,0.013845075,0.009901858,0.729032258,52.6564312,0.009713811,3.63938127,0.994516686
frozenset({'gwen'}),frozenset({'shelton'}),0.013845075,0.013582194,0.009901858,0.715189873,52.6564312,0.009713811,3.463422518,0.994781796
frozenset({'gwen'}),frozenset({'stefani'}),0.013845075,0.012530669,0.012530669,0.905063291,72.2278481,0.012357181,10.40134361,1
frozenset({'stefani'}),frozenset({'gwen'}),0.012530669,0.013845075,0.012530669,1,72.2278481,0.012357181,inf,0.998668915
frozenset({'harry'}),frozenset({'meghan'}),0.014107957,0.019628461,0.009025587,0.639751553,32.59305679,0.00874867,2.721376168,0.983189412
frozenset({'harry'}),frozenset({'prince'}),0.014107957,0.013757448,0.008850333,0.627329193,45.59924042,0.008656244,2.646417514,0.992065832
frozenset({'prince'}),frozenset({'harry'}),0.013757448,0.014107957,0.008850333,0.643312102,45.59924042,0.008656244,2.764018765,0.991713254
frozenset({'insurance'}),frozenset({'health'}),0.009726604,0.031370487,0.005871013,0.603603604,19.2411294,0.005565885,2.443588089,0.957339662
frozenset({'holmes'}),frozenset({'jamie'}),0.010690501,0.009025587,0.008236944,0.770491803,85.3674996,0.008140456,4.317817085,0.998965381
frozenset({'jamie'}),frozenset({'holmes'}),0.009025587,0.010690501,0.008236944,0.912621359,85.3674996,0.008140456,11.3220976,0.997287041
frozenset({'katie'}),frozenset({'holmes'}),0.011128637,0.010690501,0.010602874,0.952755906,89.12172454,0.010483903,20.94038439,0.999906993
frozenset({'holmes'}),frozenset({'katie'}),0.010690501,0.011128637,0.010602874,0.991803279,89.12172454,0.010483903,120.6423063,0.999464164
frozenset({'white'}),frozenset({'house'}),0.008675079,0.012618297,0.00446898,0.515151515,40.82575758,0.004359515,2.036474763,0.984042304
frozenset({'immigrants'}),frozenset({'illegal'}),0.005871013,0.010164739,0.004206099,0.71641791,70.48069995,0.004146422,3.49047171,0.991633612
frozenset({'katie'}),frozenset({'jamie'}),0.011128637,0.009025587,0.008236944,0.74015748,82.00657442,0.008136501,3.813750013,0.998922501
frozenset({'jamie'}),frozenset({'katie'}),0.009025587,0.011128637,0.008236944,0.912621359,82.00657442,0.008136501,11.31708338,0.996802584
frozenset({'kendall'}),frozenset({'jenner'}),0.005695759,0.02891693,0.005169996,0.907692308,31.38965035,0.005005293,10.5200666,0.973688259
frozenset({'kris'}),frozenset({'jenner'}),0.006396775,0.02891693,0.006133894,0.95890411,33.16064757,0.005948919,23.62968805,0.976087586
frozenset({'kylie'}),frozenset({'jenner'}),0.014633719,0.02891693,0.011829653,0.808383234,27.955362,0.011406491,5.067839774,0.978548491
frozenset({'travis'}),frozenset({'jenner'}),0.006221521,0.02891693,0.004907115,0.788732394,27.27580026,0.004727208,4.596459867,0.96936841
frozenset({'lopez'}),frozenset({'jennifer'}),0.006834911,0.041885734,0.006572029,0.961538462,22.95622787,0.006285744,24.91097091,0.963020999
frozenset({'rodriguez'}),frozenset({'jennifer'}),0.004994742,0.041885734,0.00446898,0.894736842,21.36137415,0.004259772,9.102085524,0.957971352
frozenset({'theroux'}),frozenset({'jennifer'}),0.008675079,0.041885734,0.006133894,0.707070707,16.88094332,0.005770532,3.270803873,0.948994204
frozenset({'jolie'}),frozenset({'pitt'}),0.021381002,0.030757098,0.01191728,0.557377049,18.12189996,0.011259662,2.189771001,0.965460665
frozenset({'selena'}),frozenset({'justin'}),0.020942867,0.031107606,0.012968805,0.619246862,19.90660616,0.012317322,2.54467343,0.970081712
frozenset({'theroux'}),frozenset({'justin'}),0.008675079,0.031107606,0.008675079,1,32.14647887,0.008405218,inf,0.977371166
frozenset({'kanye'}),frozenset({'kardashian'}),0.014546092,0.036452857,0.007798808,0.536144578,14.70788925,0.007268562,2.077257478,0.945766485
frozenset({'kanye'}),frozenset({'kim'}),0.014546092,0.024623204,0.009726604,0.668674699,27.1562835,0.009368432,2.943864513,0.977393363
frozenset({'kanye'}),frozenset({'west'}),0.014546092,0.012705924,0.01042762,0.71686747,56.41994184,0.010242799,3.487038653,0.99677495
frozenset({'west'}),frozenset({'kanye'}),0.012705924,0.014546092,0.01042762,0.820689655,56.41994184,0.010242799,5.495800642,0.994917111
frozenset({'khloe'}),frozenset({'kardashian'}),0.008324571,0.036452857,0.007097792,0.852631579,23.38997976,0.006794337,6.538355616,0.96528221
frozenset({'kardashian'}),frozenset({'kim'}),0.036452857,0.024623204,0.018927445,0.519230769,21.08705174,0.018029859,2.028783736,0.988615389
frozenset({'kim'}),frozenset({'kardashian'}),0.024623204,0.036452857,0.018927445,0.768683274,21.08705174,0.018029859,4.16548842,0.976625174
frozenset({'kourtney'}),frozenset({'kardashian'}),0.008149317,0.036452857,0.007273046,0.892473118,24.48294045,0.00697598,8.960988433,0.967035915
frozenset({'tristan'}),frozenset({'kardashian'}),0.005520505,0.036452857,0.00446898,0.80952381,22.20741758,0.004267742,5.058622503,0.960271182
frozenset({'west'}),frozenset({'kardashian'}),0.012705924,0.036452857,0.007010165,0.551724138,15.13527851,0.006546998,2.14945132,0.945948345
frozenset({'middleton'}),frozenset({'kate'}),0.007273046,0.011391518,0.006659657,0.915662651,80.38109361,0.006576805,11.722072,0.994794449
frozenset({'kate'}),frozenset({'middleton'}),0.011391518,0.007273046,0.006659657,0.584615385,80.38109361,0.006576805,2.389898223,0.998938691
frozenset({'katy'}),frozenset({'perry'}),0.005520505,0.008149317,0.005082369,0.920634921,112.9708141,0.005037381,12.49731861,0.996650168
frozenset({'perry'}),frozenset({'katy'}),0.008149317,0.005520505,0.005082369,0.623655914,112.9708141,0.005037381,2.642474087,0.999291701
frozenset({'kidman'}),frozenset({'nicole'}),0.005520505,0.006221521,0.005520505,1,160.7323944,0.005486159,inf,0.999295092
frozenset({'nicole'}),frozenset({'kidman'}),0.006221521,0.005520505,0.005520505,0.887323944,160.7323944,0.005486159,8.826005521,1
frozenset({'west'}),frozenset({'kim'}),0.012705924,0.024623204,0.007798808,0.613793103,24.92742668,0.007485948,2.525529205,0.97223671
frozenset({'kristen'}),frozenset({'stewart'}),0.004907115,0.004293726,0.004206099,0.857142857,199.6268222,0.004185029,6.969943919,0.999897264
frozenset({'stewart'}),frozenset({'kristen'}),0.004293726,0.004907115,0.004206099,0.979591837,199.6268222,0.004185029,48.75955135,0.999281293
frozenset({'travis'}),frozenset({'kylie'}),0.006221521,0.014633719,0.005082369,0.816901408,55.82322679,0.004991325,5.381615843,0.988234632
frozenset({'meghan'}),frozenset({'markle'}),0.019628461,0.014107957,0.014020329,0.714285714,50.62999113,0.013743412,3.450622152,0.999874866
frozenset({'markle'}),frozenset({'meghan'}),0.014107957,0.019628461,0.014020329,0.99378882,50.62999113,0.013743412,157.8398177,0.994276064
frozenset({'markle'}),frozenset({'prince'}),0.014107957,0.013757448,0.007360673,0.52173913,37.92412074,0.007166583,2.062143517,0.987564068
frozenset({'prince'}),frozenset({'markle'}),0.013757448,0.014107957,0.007360673,0.535031847,37.92412074,0.007166583,2.120343162,0.98721309
frozenset({'prince'}),frozenset({'meghan'}),0.013757448,0.019628461,0.008412198,0.611464968,31.15195632,0.00814216,2.523251337,0.981400859
frozenset({'royal'}),frozenset({'meghan'}),0.007273046,0.019628461,0.00446898,0.614457831,31.30443201,0.004326221,2.542838679,0.975147937
frozenset({'worth'}),frozenset({'net'}),0.005432878,0.004731861,0.004206099,0.774193548,163.6129032,0.004180391,4.407616043,0.999317181
frozenset({'net'}),frozenset({'worth'}),0.004731861,0.005432878,0.004206099,0.888888889,163.6129032,0.004180391,8.951104101,0.998613312
frozenset({'obamas'}),frozenset({'president'}),0.011479145,0.036540484,0.005783386,0.503816794,13.78790708,0.005363932,1.941741487,0.938242902
frozenset({'pattinson'}),frozenset({'robert'}),0.007535927,0.009288468,0.006834911,0.906976744,97.64545853,0.006764913,10.65014897,0.997274254
frozenset({'robert'}),frozenset({'pattinson'}),0.009288468,0.007535927,0.006834911,0.735849057,97.64545853,0.006764913,3.757185419,0.999038405
frozenset({'travis'}),frozenset({'scott'}),0.006221521,0.023922187,0.004819488,0.774647887,32.38198421,0.004670656,4.331345294,0.97518577
frozenset({'walker'}),frozenset({'scott'}),0.007711181,0.023922187,0.007185419,0.931818182,38.95204795,0.007000951,14.31580792,0.98189901
frozenset({'social'}),frozenset({'security'}),0.009726604,0.011128637,0.0074483,0.765765766,68.81038519,0.007340056,4.221720052,0.995146707
frozenset({'security'}),frozenset({'social'}),0.011128637,0.009726604,0.0074483,0.669291339,68.81038519,0.007340056,2.994398127,0.996557638
frozenset({'shelton'}),frozenset({'stefani'}),0.013582194,0.012530669,0.009288468,0.683870968,54.57577261,0.009118274,3.123627474,0.995193766
frozenset({'stefani'}),frozenset({'shelton'}),0.012530669,0.013582194,0.009288468,0.741258741,54.57577261,0.009118274,3.81237152,0.994134016
frozenset({'united'}),frozenset({'states'}),0.012881178,0.021293375,0.011654399,0.904761905,42.49029982,0.011380115,10.27641956,0.989207373
frozenset({'states'}),frozenset({'united'}),0.021293375,0.012881178,0.011654399,0.547325103,42.49029982,0.011380115,2.180635217,0.997709827
frozenset({'taylor'}),frozenset({'swift'}),0.011742026,0.009726604,0.009551349,0.813432836,83.62968939,0.009437139,5.307865405,0.99978199
frozenset({'swift'}),frozenset({'taylor'}),0.009726604,0.011742026,0.009551349,0.981981982,83.62968939,0.009437139,54.84831756,0.997747216
frozenset({'thompson'}),frozenset({'tristan'}),0.004994742,0.005520505,0.004206099,0.842105263,152.5413534,0.004178525,6.298370137,0.998431308
frozenset({'tristan'}),frozenset({'thompson'}),0.005520505,0.004994742,0.004206099,0.761904762,152.5413534,0.004178525,4.179022082,0.998959159
"frozenset({'affleck', 'ben'})",frozenset({'garner'}),0.007623554,0.006046267,0.004118472,0.540229885,89.34932534,0.004072378,2.161849369,0.996404114
"frozenset({'ben', 'garner'})",frozenset({'affleck'}),0.004556607,0.007886435,0.004118472,0.903846154,114.6076923,0.004082536,10.31798107,0.995812107
"frozenset({'affleck', 'garner'})",frozenset({'ben'}),0.004118472,0.009901858,0.004118472,1,100.9911504,0.004077691,inf,0.994192697
frozenset({'affleck'}),"frozenset({'ben', 'garner'})",0.007886435,0.004556607,0.004118472,0.522222222,114.6076923,0.004082536,2.083486171,0.999154348
frozenset({'garner'}),"frozenset({'affleck', 'ben'})",0.006046267,0.007623554,0.004118472,0.68115942,89.34932534,0.004072378,3.112453398,0.994822939
"frozenset({'jennifer', 'ben'})",frozenset({'affleck'}),0.005169996,0.007886435,0.004819488,0.93220339,118.2033898,0.004778715,14.63367508,0.996692905
"frozenset({'jennifer', 'affleck'})",frozenset({'ben'}),0.004819488,0.009901858,0.004819488,1,100.9911504,0.004771766,inf,0.994893018
"frozenset({'affleck', 'ben'})",frozenset({'jennifer'}),0.007623554,0.041885734,0.004819488,0.632183908,15.09306016,0.00450017,2.60487316,0.94091752
frozenset({'affleck'}),"frozenset({'jennifer', 'ben'})",0.007886435,0.005169996,0.004819488,0.611111111,118.2033898,0.004778715,2.558134295,0.999421882
"frozenset({'jennifer', 'affleck'})",frozenset({'garner'}),0.004819488,0.006046267,0.004118472,0.854545455,141.3343874,0.004089332,6.833431914,0.997733144
"frozenset({'jennifer', 'garner'})",frozenset({'affleck'}),0.005783386,0.007886435,0.004118472,0.712121212,90.2969697,0.004072861,3.446289225,0.994678038
"frozenset({'affleck', 'garner'})",frozenset({'jennifer'}),0.004118472,0.041885734,0.004118472,1,23.87447699,0.003945967,inf,0.962076551
frozenset({'affleck'}),"frozenset({'jennifer', 'garner'})",0.007886435,0.005783386,0.004118472,0.522222222,90.2969697,0.004072861,2.080918495,0.996786524
frozenset({'garner'}),"frozenset({'jennifer', 'affleck'})",0.006046267,0.004819488,0.004118472,0.68115942,141.3343874,0.004089332,3.121247969,0.998964588
"frozenset({'jennifer', 'lopez'})",frozenset({'alex'}),0.006572029,0.006221521,0.004206099,0.64,102.8687324,0.004165211,2.760495774,0.99683007
"frozenset({'lopez', 'alex'})",frozenset({'jennifer'}),0.004206099,0.041885734,0.004206099,1,23.87447699,0.004029923,inf,0.962161211
"frozenset({'jennifer', 'alex'})",frozenset({'lopez'}),0.004731861,0.006834911,0.004206099,0.888888889,130.0512821,0.004173757,8.938485804,0.997028526
frozenset({'lopez'}),"frozenset({'jennifer', 'alex'})",0.006834911,0.004731861,0.004206099,0.615384615,130.0512821,0.004173757,2.587697161,0.999139756
frozenset({'alex'}),"frozenset({'jennifer', 'lopez'})",0.006221521,0.006572029,0.004206099,0.676056338,102.8687324,0.004165211,3.066668953,0.996478485
"frozenset({'rodriguez', 'jennifer'})",frozenset({'alex'}),0.00446898,0.006221521,0.004381353,0.980392157,157.5807788,0.004353549,50.68270242,0.998114603
"frozenset({'rodriguez', 'alex'})",frozenset({'jennifer'}),0.004907115,0.041885734,0.004381353,0.892857143,21.31649731,0.004175815,8.942399813,0.957787954
"frozenset({'jennifer', 'alex'})",frozenset({'rodriguez'}),0.004731861,0.004994742,0.004381353,0.925925926,185.380117,0.004357719,13.43257098,0.99933439
frozenset({'rodriguez'}),"frozenset({'jennifer', 'alex'})",0.004994742,0.004731861,0.004381353,0.877192982,185.380117,0.004357719,8.104326273,0.999598415
frozenset({'alex'}),"frozenset({'rodriguez', 'jennifer'})",0.006221521,0.00446898,0.004381353,0.704225352,157.5807788,0.004353549,3.365842972,0.999874791
"frozenset({'divorce', 'angelina'})",frozenset({'brad'}),0.004381353,0.036014721,0.004381353,1,27.76642336,0.00422356,inf,0.968227425
"frozenset({'divorce', 'brad'})",frozenset({'angelina'}),0.005345251,0.025148966,0.004381353,0.819672131,32.59267721,0.004246925,5.405992098,0.974527354
"frozenset({'angelina', 'jolie'})",frozenset({'brad'}),0.020592359,0.036014721,0.013056432,0.634042553,17.60509396,0.012314804,2.63414582,0.963029303
"frozenset({'angelina', 'brad'})",frozenset({'jolie'}),0.015948125,0.021381002,0.013056432,0.818681319,38.2901279,0.012715445,5.397232047,0.98966694
"frozenset({'jolie', 'brad'})",frozenset({'angelina'}),0.013757448,0.025148966,0.013056432,0.949044586,37.7369227,0.012710446,19.13145154,0.987080462
frozenset({'angelina'}),"frozenset({'jolie', 'brad'})",0.025148966,0.013757448,0.013056432,0.519163763,37.7369227,0.012710446,2.05109864,0.998614886
frozenset({'jolie'}),"frozenset({'angelina', 'brad'})",0.021381002,0.015948125,0.013056432,0.610655738,38.2901279,0.012715445,2.527459553,0.995161151
"frozenset({'pitt', 'angelina'})",frozenset({'brad'}),0.014458465,0.036014721,0.014370838,0.993939394,27.598142,0.01385012,159.057571,0.977904677
"frozenset({'angelina', 'brad'})",frozenset({'pitt'}),0.015948125,0.030757098,0.014370838,0.901098901,29.29726684,0.01388032,9.800122678,0.981520535
frozenset({'angelina'}),"frozenset({'pitt', 'brad'})",0.025148966,0.030581844,0.014370838,0.571428571,18.68522309,0.013601736,2.261975698,0.970898876
"frozenset({'pitt', 'jolie'})",frozenset({'angelina'}),0.01191728,0.025148966,0.011829653,0.992647059,39.47069072,0.011529946,132.5797406,0.986420191
"frozenset({'pitt', 'angelina'})",frozenset({'jolie'}),0.014458465,0.021381002,0.011829653,0.818181818,38.26676602,0.011520517,5.382404487,0.988154866
"frozenset({'angelina', 'jolie'})",frozenset({'pitt'}),0.020592359,0.030757098,0.011829653,0.574468085,18.67757774,0.011196292,2.27772082,0.966359488
frozenset({'jolie'}),"frozenset({'pitt', 'angelina'})",0.021381002,0.014458465,0.011829653,0.553278689,38.26676602,0.011520517,2.206166372,0.995144858
"frozenset({'jennifer', 'brad'})",frozenset({'aniston'}),0.010690501,0.021556257,0.00893796,0.836065574,38.78528589,0.008707513,5.968506835,0.984744438
"frozenset({'aniston', 'brad'})",frozenset({'jennifer'}),0.009376095,0.041885734,0.00893796,0.953271028,22.75884722,0.008545235,20.50364529,0.965110007
"frozenset({'pitt', 'aniston'})",frozenset({'brad'}),0.008587452,0.036014721,0.008587452,1,27.76642336,0.008278177,inf,0.97233516
"frozenset({'brad', 'aniston'})",frozenset({'pitt'}),0.009376095,0.030757098,0.008587452,0.91588785,29.77809729,0.00829907,11.52322117,0.975565264
"frozenset({'justin', 'jennifer'})",frozenset({'aniston'}),0.008149317,0.021556257,0.007360673,0.903225806,41.90086546,0.007185004,10.11058535,0.98415433
"frozenset({'justin', 'aniston'})",frozenset({'jennifer'}),0.007798808,0.041885734,0.007360673,0.943820225,22.53321424,0.007034014,17.05443393,0.963132352
"frozenset({'pitt', 'jennifer'})",frozenset({'aniston'}),0.009901858,0.021556257,0.008236944,0.831858407,38.5901144,0.008023497,5.819165421,0.983828356
"frozenset({'pitt', 'aniston'})",frozenset({'jennifer'}),0.008587452,0.041885734,0.008236944,0.959183673,22.90000854,0.007877252,23.47379951,0.964615483
"frozenset({'jennifer', 'theroux'})",frozenset({'aniston'}),0.006133894,0.021556257,0.005608132,0.914285714,42.41393728,0.005475908,11.41517701,0.982449083
"frozenset({'aniston', 'theroux'})",frozenset({'jennifer'}),0.00595864,0.041885734,0.005608132,0.941176471,22.47009599,0.00535855,16.28794252,0.961223995
frozenset({'theroux'}),"frozenset({'jennifer', 'aniston'})",0.008675079,0.020679986,0.005608132,0.646464646,31.26040062,0.005428731,2.770076611,0.976481702
"frozenset({'justin', 'aniston'})",frozenset({'theroux'}),0.007798808,0.008675079,0.00595864,0.764044944,88.07354443,0.005890985,4.201329428,0.996416716
"frozenset({'justin', 'theroux'})",frozenset({'aniston'}),0.008675079,0.021556257,0.00595864,0.686868687,31.86400591,0.005771638,3.124707439,0.977092985
"frozenset({'aniston', 'theroux'})",frozenset({'justin'}),0.00595864,0.031107606,0.00595864,1,32.14647887,0.005773281,inf,0.974700282
frozenset({'theroux'}),"frozenset({'justin', 'aniston'})",0.008675079,0.007798808,0.00595864,0.686868687,88.07354443,0.005890985,3.168642516,0.997297487
"frozenset({'president', 'obama'})",frozenset({'barack'}),0.016473887,0.023396425,0.009376095,0.569148936,24.32632082,0.008990665,2.266684841,0.974953537
"frozenset({'barack', 'president'})",frozenset({'obama'}),0.012092534,0.048194883,0.009376095,0.775362319,16.08806324,0.008793297,4.237067942,0.949321821
"frozenset({'says', 'barack'})",frozenset({'obama'}),0.009814231,0.048194883,0.008149317,0.830357143,17.22915584,0.007676321,5.610640692,0.95129508
"frozenset({'says', 'obama'})",frozenset({'barack'}),0.013582194,0.023396425,0.008149317,0.6,25.64494382,0.007831542,2.441508938,0.974238252
"frozenset({'says', 'barack'})",frozenset({'president'}),0.009814231,0.036540484,0.006221521,0.633928571,17.34866393,0.005862904,2.63188941,0.951698866
"frozenset({'says', 'president'})",frozenset({'barack'}),0.011566772,0.023396425,0.006221521,0.537878788,22.9897855,0.0059509,2.113306097,0.967695535
"frozenset({'barack', 'president'})",frozenset({'says'}),0.012092534,0.137924991,0.006221521,0.514492754,3.730235899,0.004553659,1.775617182,0.740879551
"frozenset({'jennifer', 'ben'})",frozenset({'garner'}),0.005169996,0.006046267,0.00446898,0.86440678,142.9653648,0.004437721,7.33040878,0.998165813
"frozenset({'jennifer', 'garner'})",frozenset({'ben'}),0.005783386,0.009901858,0.00446898,0.772727273,78.03861625,0.004411714,4.356431826,0.992928319
"frozenset({'ben', 'garner'})",frozenset({'jennifer'}),0.004556607,0.041885734,0.00446898,0.980769231,23.41535243,0.004278123,49.82194182,0.961674952
frozenset({'garner'}),"frozenset({'jennifer', 'ben'})",0.006046267,0.005169996,0.00446898,0.739130435,142.9653648,0.004437721,3.813515013,0.999045797
"frozenset({'justin', 'bieber'})",frozenset({'gomez'}),0.015422362,0.018752191,0.008675079,0.5625,29.99649533,0.008385876,2.242852136,0.981804517
"frozenset({'justin', 'gomez'})",frozenset({'bieber'}),0.011391518,0.015685244,0.008675079,0.761538462,48.55126773,0.0084964,4.127771559,0.990688663
"frozenset({'bieber', 'gomez'})",frozenset({'justin'}),0.008675079,0.031107606,0.008675079,1,32.14647887,0.008405218,inf,0.977371166
frozenset({'bieber'}),"frozenset({'justin', 'gomez'})",0.015685244,0.011391518,0.008675079,0.553072626,48.55126773,0.0084964,2.212011479,0.995010193
"frozenset({'selena', 'bieber'})",frozenset({'gomez'}),0.009989485,0.018752191,0.008675079,0.868421053,46.31037875,0.008487754,7.457483351,0.988278966
"frozenset({'bieber', 'gomez'})",frozenset({'selena'}),0.008675079,0.020942867,0.008675079,1,47.74895397,0.008493398,inf,0.987624856
frozenset({'bieber'}),"frozenset({'selena', 'gomez'})",0.015685244,0.018576937,0.008675079,0.553072626,29.77200379,0.008383695,2.195934104,0.981811348
"frozenset({'justin', 'selena'})",frozenset({'bieber'}),0.012968805,0.015685244,0.009901858,0.763513514,48.67718557,0.009698439,4.162245256,0.992325774
"frozenset({'justin', 'bieber'})",frozenset({'selena'}),0.015422362,0.020942867,0.009901858,0.642045455,30.65699886,0.009578869,2.735143736,0.982534017
"frozenset({'selena', 'bieber'})",frozenset({'justin'}),0.009989485,0.031107606,0.009901858,0.99122807,31.86449222,0.009591109,110.4537329,0.978390725
frozenset({'bieber'}),"frozenset({'justin', 'selena'})",0.015685244,0.012968805,0.009901858,0.631284916,48.67718557,0.009698439,2.676948242,0.995064321
"frozenset({'blake', 'shelton'})",frozenset({'gwen'}),0.013582194,0.013845075,0.009901858,0.729032258,52.6564312,0.009713811,3.63938127,0.994516686
"frozenset({'blake', 'gwen'})",frozenset({'shelton'}),0.011654399,0.013582194,0.009901858,0.84962406,62.55425661,0.009743565,6.559678409,0.995617198
"frozenset({'shelton', 'gwen'})",frozenset({'blake'}),0.009901858,0.017437785,0.009901858,1,57.34673367,0.009729191,inf,0.992388707
frozenset({'blake'}),"frozenset({'shelton', 'gwen'})",0.017437785,0.009901858,0.009901858,0.567839196,57.34673367,0.009729191,2.29104105,1
frozenset({'shelton'}),"frozenset({'blake', 'gwen'})",0.013582194,0.011654399,0.009901858,0.729032258,62.55425661,0.009743565,3.647465909,0.997562972
frozenset({'gwen'}),"frozenset({'blake', 'shelton'})",0.013845075,0.013582194,0.009901858,0.715189873,52.6564312,0.009713811,3.463422518,0.994781796
"frozenset({'blake', 'gwen'})",frozenset({'stefani'}),0.011654399,0.012530669,0.010778128,0.92481203,73.80388033,0.010632091,13.1333421,0.99808263
"frozenset({'blake', 'stefani'})",frozenset({'gwen'}),0.010778128,0.013845075,0.010778128,1,72.2278481,0.010628904,inf,0.996899637
"frozenset({'gwen', 'stefani'})",frozenset({'blake'}),0.012530669,0.017437785,0.010778128,0.86013986,49.32621148,0.010559621,7.025319839,0.992159222
frozenset({'blake'}),"frozenset({'gwen', 'stefani'})",0.017437785,0.012530669,0.010778128,0.618090452,49.32621148,0.010559621,2.585610484,0.997114267
frozenset({'gwen'}),"frozenset({'blake', 'stefani'})",0.013845075,0.010778128,0.010778128,0.778481013,72.2278481,0.010628904,4.465630164,1
frozenset({'stefani'}),"frozenset({'blake', 'gwen'})",0.012530669,0.011654399,0.010778128,0.86013986,73.80388033,0.010632091,7.066671048,0.998968319
"frozenset({'blake', 'shelton'})",frozenset({'stefani'}),0.013582194,0.012530669,0.009288468,0.683870968,54.57577261,0.009118274,3.123627474,0.995193766
"frozenset({'blake', 'stefani'})",frozenset({'shelton'}),0.010778128,0.013582194,0.009288468,0.861788618,63.44988198,0.009142078,7.137022948,0.994963372
"frozenset({'shelton', 'stefani'})",frozenset({'blake'}),0.009288468,0.017437785,0.009288468,1,57.34673367,0.009126498,inf,0.991774279
frozenset({'blake'}),"frozenset({'shelton', 'stefani'})",0.017437785,0.009288468,0.009288468,0.532663317,57.34673367,0.009126498,2.119909622,1
frozenset({'shelton'}),"frozenset({'blake', 'stefani'})",0.013582194,0.010778128,0.009288468,0.683870968,63.44988198,0.009142078,3.129171227,0.99779173
frozenset({'stefani'}),"frozenset({'blake', 'shelton'})",0.012530669,0.013582194,0.009288468,0.741258741,54.57577261,0.009118274,3.81237152,0.994134016
"frozenset({'divorce', 'jolie'})",frozenset({'brad'}),0.004293726,0.036014721,0.004293726,1,27.76642336,0.004139089,inf,0.968142216
"frozenset({'divorce', 'brad'})",frozenset({'jolie'}),0.005345251,0.021381002,0.004293726,0.803278689,37.56973932,0.004179439,4.974646571,0.97861377
"frozenset({'pitt', 'divorce'})",frozenset({'brad'}),0.004030845,0.036014721,0.004030845,1,27.76642336,0.003885675,inf,0.96788668
"frozenset({'divorce', 'brad'})",frozenset({'pitt'}),0.005345251,0.030757098,0.004030845,0.754098361,24.51786465,0.00386644,3.941587802,0.964368204
"frozenset({'pitt', 'jennifer'})",frozenset({'brad'}),0.009901858,0.036014721,0.009814231,0.991150442,27.5207028,0.009457618,108.9303365,0.973301209
"frozenset({'jennifer', 'brad'})",frozenset({'pitt'}),0.010690501,0.030757098,0.009814231,0.918032787,29.84783522,0.009485422,11.82476341,0.976940719
"frozenset({'pitt', 'jolie'})",frozenset({'brad'}),0.01191728,0.036014721,0.011829653,0.992647059,27.56225848,0.011400455,131.1019979,0.975341926
"frozenset({'jolie', 'brad'})",frozenset({'pitt'}),0.013757448,0.030757098,0.011829653,0.859872611,27.95688388,0.011406514,6.916869802,0.977681031
frozenset({'jolie'}),"frozenset({'pitt', 'brad'})",0.021381002,0.030581844,0.011829653,0.553278689,18.09173752,0.011175783,2.170073671,0.965366656
"frozenset({'health', 'law'})",frozenset({'care'}),0.006309148,0.029617946,0.006046267,0.958333333,32.35650888,0.005859403,23.2891693,0.975247297
"frozenset({'law', 'care'})",frozenset({'health'}),0.006309148,0.031370487,0.006046267,0.958333333,30.54888268,0.005848346,23.24710831,0.973406947
"frozenset({'says', 'health'})",frozenset({'care'}),0.006221521,0.029617946,0.005169996,0.830985915,28.05683807,0.004985728,5.741427153,0.970395401
"frozenset({'says', 'care'})",frozenset({'health'}),0.006396775,0.031370487,0.005169996,0.808219178,25.7636795,0.004969327,5.050711031,0.967373741
"frozenset({'says', 'hillary'})",frozenset({'clinton'}),0.006484402,0.016035752,0.005695759,0.878378378,54.77625166,0.005591777,8.090372707,0.988151485
"frozenset({'says', 'clinton'})",frozenset({'hillary'}),0.006659657,0.013494567,0.005695759,0.855263158,63.37833219,0.00560589,6.815855718,0.990820259
"frozenset({'hillary', 'clinton'})",frozenset({'says'}),0.011041009,0.137924991,0.005695759,0.515873016,3.740243238,0.004172928,1.780679526,0.740817078
"frozenset({'holmes', 'foxx'})",frozenset({'jamie'}),0.006834911,0.009025587,0.006834911,1,110.7961165,0.006773222,inf,0.997794247
"frozenset({'jamie', 'foxx'})",frozenset({'holmes'}),0.007010165,0.010690501,0.006834911,0.975,91.20245902,0.006759968,39.57237995,0.996017631
"frozenset({'holmes', 'jamie'})",frozenset({'foxx'}),0.008236944,0.007010165,0.006834911,0.829787234,118.3691489,0.006777168,5.833815282,0.999787042
frozenset({'foxx'}),"frozenset({'holmes', 'jamie'})",0.007010165,0.008236944,0.006834911,0.975,118.3691489,0.006777168,39.67052226,0.998551866
frozenset({'holmes'}),"frozenset({'jamie', 'foxx'})",0.010690501,0.007010165,0.006834911,0.639344262,91.20245902,0.006759968,2.753289998,0.999722922
frozenset({'jamie'}),"frozenset({'holmes', 'foxx'})",0.009025587,0.006834911,0.006834911,0.757281553,110.7961165,0.006773222,4.091840168,1
"frozenset({'katie', 'holmes'})",frozenset({'foxx'}),0.010602874,0.007010165,0.006834911,0.644628099,91.95619835,0.006760583,2.794227211,0.999725218
"frozenset({'katie', 'foxx'})",frozenset({'holmes'}),0.006834911,0.010690501,0.006834911,1,93.54098361,0.006761842,inf,0.996117875
"frozenset({'holmes', 'foxx'})",frozenset({'katie'}),0.006834911,0.011128637,0.006834911,1,89.85826772,0.006758847,inf,0.995676725
frozenset({'katie'}),"frozenset({'holmes', 'foxx'})",0.011128637,0.006834911,0.006834911,0.614173228,89.85826772,0.006758847,2.574121762,1
frozenset({'holmes'}),"frozenset({'katie', 'foxx'})",0.010690501,0.006834911,0.006834911,0.639344262,93.54098361,0.006761842,2.75377593,1
frozenset({'foxx'}),"frozenset({'katie', 'holmes'})",0.007010165,0.010602874,0.006834911,0.975,91.95619835,0.006760583,39.57588503,0.996108139
"frozenset({'katie', 'foxx'})",frozenset({'jamie'}),0.006834911,0.009025587,0.006834911,1,110.7961165,0.006773222,inf,0.997794247
"frozenset({'jamie', 'foxx'})",frozenset({'katie'}),0.007010165,0.011128637,0.006834911,0.975,87.61181102,0.006756897,39.55485454,0.995565089
"frozenset({'katie', 'jamie'})",frozenset({'foxx'}),0.008236944,0.007010165,0.006834911,0.829787234,118.3691489,0.006777168,5.833815282,0.999787042
frozenset({'foxx'}),"frozenset({'katie', 'jamie'})",0.007010165,0.008236944,0.006834911,0.975,118.3691489,0.006777168,39.67052226,0.998551866
frozenset({'katie'}),"frozenset({'jamie', 'foxx'})",0.011128637,0.007010165,0.006834911,0.614173228,87.61181102,0.006756897,2.573667532,0.999711439
frozenset({'jamie'}),"frozenset({'katie', 'foxx'})",0.009025587,0.006834911,0.006834911,0.757281553,110.7961165,0.006773222,4.091840168,1
"frozenset({'justin', 'selena'})",frozenset({'gomez'}),0.012968805,0.018752191,0.011391518,0.878378378,46.84137408,0.011148324,8.068037543,0.991510052
"frozenset({'justin', 'gomez'})",frozenset({'selena'}),0.011391518,0.020942867,0.011391518,1,47.74895397,0.011152947,inf,0.990338592
"frozenset({'selena', 'gomez'})",frozenset({'justin'}),0.018576937,0.031107606,0.011391518,0.613207547,19.71246346,0.010813634,2.504941311,0.967239011
frozenset({'selena'}),"frozenset({'justin', 'gomez'})",0.020942867,0.011391518,0.011391518,0.543933054,47.74895397,0.011152947,2.167682819,1
frozenset({'gomez'}),"frozenset({'justin', 'selena'})",0.018752191,0.012968805,0.011391518,0.607476636,46.84137408,0.011148324,2.514579474,0.997353923
"frozenset({'shelton', 'gwen'})",frozenset({'stefani'}),0.009901858,0.012530669,0.009288468,0.938053097,74.86057306,0.009164391,15.94057634,0.996509125
"frozenset({'shelton', 'stefani'})",frozenset({'gwen'}),0.009288468,0.013845075,0.009288468,1,72.2278481,0.009159869,inf,0.995400672
"frozenset({'gwen', 'stefani'})",frozenset({'shelton'}),0.012530669,0.013582194,0.009288468,0.741258741,54.57577261,0.009118274,3.81237152,0.994134016
frozenset({'shelton'}),"frozenset({'gwen', 'stefani'})",0.013582194,0.012530669,0.009288468,0.683870968,54.57577261,0.009118274,3.123627474,0.995193766
frozenset({'gwen'}),"frozenset({'shelton', 'stefani'})",0.013845075,0.009288468,0.009288468,0.670886076,72.2278481,0.009159869,3.010238885,1
frozenset({'stefani'}),"frozenset({'shelton', 'gwen'})",0.012530669,0.009901858,0.009288468,0.741258741,74.86057306,0.009164391,3.826595523,0.999162002
"frozenset({'meghan', 'harry'})",frozenset({'markle'}),0.009025587,0.014107957,0.006834911,0.757281553,53.67762166,0.006707578,4.061875219,0.990308377
"frozenset({'markle', 'harry'})",frozenset({'meghan'}),0.006922538,0.019628461,0.006834911,0.987341772,50.30153707,0.006699032,77.44935156,0.986952105
"frozenset({'markle', 'harry'})",frozenset({'prince'}),0.006922538,0.013757448,0.006659657,0.962025316,69.92759816,0.00656442,25.97105386,0.992570602
"frozenset({'markle', 'prince'})",frozenset({'harry'}),0.007360673,0.014107957,0.006659657,0.904761905,64.13132209,0.006555812,10.35186646,0.991706624
"frozenset({'harry', 'prince'})",frozenset({'markle'}),0.008850333,0.014107957,0.006659657,0.752475248,53.33694115,0.006534796,3.983003856,0.990013215
"frozenset({'meghan', 'harry'})",frozenset({'prince'}),0.009025587,0.013757448,0.007535927,0.834951456,60.69086637,0.007411758,5.975469578,0.992480778
"frozenset({'meghan', 'prince'})",frozenset({'harry'}),0.008412198,0.014107957,0.007535927,0.895833333,63.4984472,0.007417248,9.464563617,0.992601544
"frozenset({'harry', 'prince'})",frozenset({'meghan'}),0.008850333,0.019628461,0.007535927,0.851485149,43.3801273,0.007362209,6.601168361,0.985671491
frozenset({'harry'}),"frozenset({'meghan', 'prince'})",0.014107957,0.008412198,0.007535927,0.534161491,63.4984472,0.007417248,2.128608482,0.998336065
frozenset({'prince'}),"frozenset({'meghan', 'harry'})",0.013757448,0.009025587,0.007535927,0.547770701,60.69086637,0.007411758,2.191309617,0.997242569
"frozenset({'katie', 'holmes'})",frozenset({'jamie'}),0.010602874,0.009025587,0.008236944,0.776859504,86.07301613,0.008141246,4.44103348,0.998973952
"frozenset({'katie', 'jamie'})",frozenset({'holmes'}),0.008236944,0.010690501,0.008236944,1,93.54098361,0.008148887,inf,0.997526065
"frozenset({'holmes', 'jamie'})",frozenset({'katie'}),0.008236944,0.011128637,0.008236944,1,89.85826772,0.008145278,inf,0.997084291
frozenset({'katie'}),"frozenset({'holmes', 'jamie'})",0.011128637,0.008236944,0.008236944,0.74015748,89.85826772,0.008145278,3.816785096,1
frozenset({'holmes'}),"frozenset({'katie', 'jamie'})",0.010690501,0.008236944,0.008236944,0.770491803,93.54098361,0.008148887,4.321253317,1
frozenset({'jamie'}),"frozenset({'katie', 'holmes'})",0.009025587,0.010602874,0.008236944,0.912621359,86.07301613,0.008141246,11.32310044,0.997383933
"frozenset({'scott', 'kylie'})",frozenset({'jenner'}),0.004556607,0.02891693,0.004118472,0.903846154,31.25664336,0.003986709,10.09926393,0.972437818
"frozenset({'scott', 'jenner'})",frozenset({'kylie'}),0.004731861,0.014633719,0.004118472,0.87037037,59.47704591,0.004049227,7.601397026,0.987861213
"frozenset({'travis', 'jenner'})",frozenset({'kylie'}),0.004907115,0.014633719,0.004731861,0.964285714,65.89478186,0.004660052,27.59025587,0.989680769
"frozenset({'travis', 'kylie'})",frozenset({'jenner'}),0.005082369,0.02891693,0.004731861,0.931034483,32.1968652,0.004584895,14.08070452,0.973890748
frozenset({'travis'}),"frozenset({'kylie', 'jenner'})",0.006221521,0.011829653,0.004731861,0.76056338,64.29295775,0.004658263,4.12706439,0.990609294
"frozenset({'scott', 'travis'})",frozenset({'jenner'}),0.004819488,0.02891693,0.004118472,0.854545455,29.55173554,0.003979107,6.676196109,0.970839992
"frozenset({'scott', 'jenner'})",frozenset({'travis'}),0.004731861,0.006221521,0.004118472,0.87037037,139.8967136,0.004089032,7.666291122,0.997572243
"frozenset({'travis', 'jenner'})",frozenset({'scott'}),0.004907115,0.023922187,0.004118472,0.839285714,35.08398744,0.004001083,6.073373058,0.976287725
frozenset({'travis'}),"frozenset({'scott', 'jenner'})",0.006221521,0.004731861,0.004118472,0.661971831,139.8967136,0.004089032,2.944334911,0.999067589
"frozenset({'justin', 'jennifer'})",frozenset({'theroux'}),0.008149317,0.008675079,0.006133894,0.752688172,86.76441838,0.006063198,4.008400768,0.996596115
"frozenset({'justin', 'theroux'})",frozenset({'jennifer'}),0.008675079,0.041885734,0.006133894,0.707070707,16.88094332,0.005770532,3.270803873,0.948994204
"frozenset({'jennifer', 'theroux'})",frozenset({'justin'}),0.006133894,0.031107606,0.006133894,1,32.14647887,0.005943083,inf,0.974872157
frozenset({'theroux'}),"frozenset({'justin', 'jennifer'})",0.008675079,0.008149317,0.006133894,0.707070707,86.76441838,0.006063198,3.385973023,0.997124673
"frozenset({'kanye', 'kardashian'})",frozenset({'kim'}),0.007798808,0.024623204,0.0074483,0.95505618,38.78683674,0.007256268,21.70213372,0.981875516
"frozenset({'kanye', 'kim'})",frozenset({'kardashian'}),0.009726604,0.036452857,0.0074483,0.765765766,21.00701663,0.007093738,4.113605112,0.961751433
frozenset({'kanye'}),"frozenset({'kardashian', 'kim'})",0.014546092,0.018927445,0.0074483,0.512048193,27.05321285,0.00717298,2.010593138,0.977250996
"frozenset({'kanye', 'west'})",frozenset({'kardashian'}),0.01042762,0.036452857,0.006133894,0.588235294,16.13687783,0.005753778,2.340043062,0.947914637
"frozenset({'kanye', 'kardashian'})",frozenset({'west'}),0.007798808,0.012705924,0.006133894,0.786516854,61.90158853,0.006034803,4.624693305,0.991578456
"frozenset({'west', 'kardashian'})",frozenset({'kanye'}),0.007010165,0.014546092,0.006133894,0.875,60.15361446,0.006031924,7.883631265,0.990318189
"frozenset({'kanye', 'west'})",frozenset({'kim'}),0.01042762,0.024623204,0.006834911,0.655462185,26.61969557,0.006578149,2.830971677,0.972575478
"frozenset({'kanye', 'kim'})",frozenset({'west'}),0.009726604,0.012705924,0.006834911,0.702702703,55.30512582,0.006711325,3.320898257,0.991563034
"frozenset({'west', 'kim'})",frozenset({'kanye'}),0.007798808,0.014546092,0.006834911,0.876404494,60.25016922,0.006721468,7.973217984,0.991132186
frozenset({'west'}),"frozenset({'kanye', 'kim'})",0.012705924,0.009726604,0.006834911,0.537931034,55.30512582,0.006711325,2.143128992,0.994555236
"frozenset({'west', 'kim'})",frozenset({'kardashian'}),0.007798808,0.036452857,0.006659657,0.853932584,23.42566984,0.006375368,6.596591981,0.96483636
"frozenset({'west', 'kardashian'})",frozenset({'kim'}),0.007010165,0.024623204,0.006659657,0.95,38.58149466,0.006487044,19.50753593,0.980957512
frozenset({'west'}),"frozenset({'kim', 'kardashian'})",0.012705924,0.018927445,0.006659657,0.524137931,27.69195402,0.006419166,2.06167421,0.976293134
"frozenset({'scott', 'travis'})",frozenset({'kylie'}),0.004819488,0.014633719,0.004381353,0.909090909,62.12302667,0.004310826,10.83902909,0.988667782
"frozenset({'scott', 'kylie'})",frozenset({'travis'}),0.004556607,0.006221521,0.004381353,0.961538462,154.5503792,0.004353004,25.83824045,0.998077465
"frozenset({'travis', 'kylie'})",frozenset({'scott'}),0.005082369,0.023922187,0.004381353,0.862068966,36.03637742,0.004259772,7.076564143,0.97721684
frozenset({'travis'}),"frozenset({'scott', 'kylie'})",0.006221521,0.004556607,0.004381353,0.704225352,154.5503792,0.004353004,3.365546709,0.999749581
"frozenset({'meghan', 'markle'})",frozenset({'prince'}),0.014020329,0.013757448,0.007273046,0.51875,37.70684713,0.007080162,2.049335172,0.9873222
"frozenset({'meghan', 'prince'})",frozenset({'markle'}),0.008412198,0.014107957,0.007273046,0.864583333,61.28338509,0.007154367,7.280433552,0.992027495
"frozenset({'markle', 'prince'})",frozenset({'meghan'}),0.007360673,0.019628461,0.007273046,0.988095238,50.33992347,0.007128567,82.35120925,0.987403002
frozenset({'markle'}),"frozenset({'meghan', 'prince'})",0.014107957,0.008412198,0.007273046,0.51552795,61.28338509,0.007154367,2.046738925,0.9977587
frozenset({'prince'}),"frozenset({'meghan', 'markle'})",0.013757448,0.014020329,0.007273046,0.52866242,37.70684713,0.007080162,2.091875787,0.987059031
"frozenset({'says', 'president'})",frozenset({'obama'}),0.011566772,0.048194883,0.006484402,0.560606061,11.63206612,0.005926943,2.166177164,0.924726855
"frozenset({'jennifer', 'affleck', 'ben'})",frozenset({'garner'}),0.004819488,0.006046267,0.004118472,0.854545455,141.3343874,0.004089332,6.833431914,0.997733144
"frozenset({'jennifer', 'ben', 'garner'})",frozenset({'affleck'}),0.00446898,0.007886435,0.004118472,0.921568627,116.854902,0.004083227,12.64944795,0.995893005
"frozenset({'jennifer', 'affleck', 'garner'})",frozenset({'ben'}),0.004118472,0.009901858,0.004118472,1,100.9911504,0.004077691,inf,0.994192697
"frozenset({'affleck', 'ben', 'garner'})",frozenset({'jennifer'}),0.004118472,0.041885734,0.004118472,1,23.87447699,0.003945967,inf,0.962076551
"frozenset({'jennifer', 'ben'})","frozenset({'affleck', 'garner'})",0.005169996,0.004118472,0.004118472,0.796610169,193.4237288,0.004097179,4.896417514,1
"frozenset({'jennifer', 'affleck'})","frozenset({'ben', 'garner'})",0.004819488,0.004556607,0.004118472,0.854545455,187.5398601,0.004096511,6.843673326,0.999484806
"frozenset({'jennifer', 'garner'})","frozenset({'affleck', 'ben'})",0.005783386,0.007623554,0.004118472,0.712121212,93.41065831,0.004074382,3.447202391,0.995049338
"frozenset({'affleck', 'ben'})","frozenset({'jennifer', 'garner'})",0.007623554,0.005783386,0.004118472,0.540229885,93.41065831,0.004074382,2.162421136,0.996894462
"frozenset({'ben', 'garner'})","frozenset({'jennifer', 'affleck'})",0.004556607,0.004819488,0.004118472,0.903846154,187.5398601,0.004096511,10.34987732,0.999220857
"frozenset({'affleck', 'garner'})","frozenset({'jennifer', 'ben'})",0.004118472,0.005169996,0.004118472,1,193.4237288,0.004097179,inf,0.998944127
frozenset({'affleck'}),"frozenset({'jennifer', 'ben', 'garner'})",0.007886435,0.00446898,0.004118472,0.522222222,116.854902,0.004083227,2.083669577,0.999323479
frozenset({'garner'}),"frozenset({'jennifer', 'affleck', 'ben'})",0.006046267,0.004819488,0.004118472,0.68115942,141.3343874,0.004089332,3.121247969,0.998964588
"frozenset({'pitt', 'jolie', 'brad'})",frozenset({'angelina'}),0.011829653,0.025148966,0.011742026,0.992592593,39.46852497,0.011444522,131.6048896,0.986331312
"frozenset({'pitt', 'jolie', 'angelina'})",frozenset({'brad'}),0.011829653,0.036014721,0.011742026,0.992592593,27.56074615,0.011315984,130.1380126,0.975253422
"frozenset({'pitt', 'angelina', 'brad'})",frozenset({'jolie'}),0.014370838,0.021381002,0.011742026,0.817073171,38.21491403,0.011434763,5.349783853,0.98803104
"frozenset({'angelina', 'jolie', 'brad'})",frozenset({'pitt'}),0.013056432,0.030757098,0.011742026,0.899328859,29.23971778,0.011340448,9.627812829,0.978576663
"frozenset({'pitt', 'jolie'})","frozenset({'angelina', 'brad'})",0.01191728,0.015948125,0.011742026,0.985294118,61.7811894,0.011551968,66.91552751,0.995679637
"frozenset({'pitt', 'angelina'})","frozenset({'jolie', 'brad'})",0.014458465,0.013757448,0.011742026,0.812121212,59.0313839,0.011543114,5.249355517,0.997481916
"frozenset({'jolie', 'brad'})","frozenset({'pitt', 'angelina'})",0.013757448,0.014458465,0.011742026,0.853503185,59.0313839,0.011543114,6.727392219,0.99677291
"frozenset({'angelina', 'jolie'})","frozenset({'pitt', 'brad'})",0.020592359,0.030581844,0.011742026,0.570212766,18.64546729,0.011112274,2.255576898,0.966265345
"frozenset({'angelina', 'brad'})","frozenset({'pitt', 'jolie'})",0.015948125,0.01191728,0.011742026,0.736263736,61.7811894,0.011551968,3.746480313,0.999758111
frozenset({'jolie'}),"frozenset({'pitt', 'angelina', 'brad'})",0.021381002,0.014370838,0.011742026,0.549180328,38.21491403,0.011434763,2.186304687,0.995108626
"frozenset({'pitt', 'jennifer', 'aniston'})",frozenset({'brad'}),0.008236944,0.036014721,0.008236944,1,27.76642336,0.007940292,inf,0.971991518
"frozenset({'pitt', 'jennifer', 'brad'})",frozenset({'aniston'}),0.009814231,0.021556257,0.008236944,0.839285714,38.93466899,0.008025385,6.088094404,0.983972886
"frozenset({'pitt', 'aniston', 'brad'})",frozenset({'jennifer'}),0.008587452,0.041885734,0.008236944,0.959183673,22.90000854,0.007877252,23.47379951,0.964615483
"frozenset({'brad', 'jennifer', 'aniston'})",frozenset({'pitt'}),0.00893796,0.030757098,0.008236944,0.921568627,29.96279537,0.007962038,12.357847,0.975342852
"frozenset({'pitt', 'jennifer'})","frozenset({'brad', 'aniston'})",0.009901858,0.009376095,0.008236944,0.831858407,88.72119758,0.008144103,5.891605328,0.998616899
"frozenset({'pitt', 'aniston'})","frozenset({'jennifer', 'brad'})",0.008587452,0.010690501,0.008236944,0.959183673,89.72298428,0.008145139,24.23808272,0.997419879
"frozenset({'jennifer', 'brad'})","frozenset({'pitt', 'aniston'})",0.010690501,0.008587452,0.008236944,0.770491803,89.72298428,0.008145139,4.319726103,0.999540169
"frozenset({'brad', 'aniston'})","frozenset({'pitt', 'jennifer'})",0.009376095,0.009901858,0.008236944,0.878504673,88.72119758,0.008144103,8.149269325,0.998086894
"frozenset({'justin', 'jennifer', 'aniston'})",frozenset({'theroux'}),0.007360673,0.008675079,0.005608132,0.761904762,87.82683983,0.005544277,4.163564669,0.995944783
"frozenset({'justin', 'jennifer', 'theroux'})",frozenset({'aniston'}),0.006133894,0.021556257,0.005608132,0.914285714,42.41393728,0.005475908,11.41517701,0.982449083
"frozenset({'justin', 'aniston', 'theroux'})",frozenset({'jennifer'}),0.00595864,0.041885734,0.005608132,0.941176471,22.47009599,0.00535855,16.28794252,0.961223995
"frozenset({'jennifer', 'aniston', 'theroux'})",frozenset({'justin'}),0.005608132,0.031107606,0.005608132,1,32.14647887,0.005433676,inf,0.974356715
"frozenset({'justin', 'jennifer'})","frozenset({'aniston', 'theroux'})",0.008149317,0.00595864,0.005608132,0.688172043,115.4914611,0.005559573,3.18778781,0.999486483
"frozenset({'justin', 'aniston'})","frozenset({'jennifer', 'theroux'})",0.007798808,0.006133894,0.005608132,0.719101124,117.2340289,0.005560295,3.538163337,0.999263115
"frozenset({'justin', 'theroux'})","frozenset({'jennifer', 'aniston'})",0.008675079,0.020679986,0.005608132,0.646464646,31.26040062,0.005428731,2.770076611,0.976481702
"frozenset({'jennifer', 'theroux'})","frozenset({'justin', 'aniston'})",0.006133894,0.007798808,0.005608132,0.914285714,117.2340289,0.005560295,11.57568057,0.99758916
"frozenset({'aniston', 'theroux'})","frozenset({'justin', 'jennifer'})",0.00595864,0.008149317,0.005608132,0.941176471,115.4914611,0.005559573,16.86146162,0.997283806
frozenset({'theroux'}),"frozenset({'justin', 'jennifer', 'aniston'})",0.008675079,0.007360673,0.005608132,0.646464646,87.82683983,0.005544277,2.807751239,0.997265314
"frozenset({'says', 'barack', 'obama'})",frozenset({'president'}),0.008149317,0.036540484,0.004819488,0.591397849,16.18472964,0.004521708,2.357940395,0.945921982
"frozenset({'says', 'president', 'obama'})",frozenset({'barack'}),0.006484402,0.023396425,0.004819488,0.743243243,31.76738536,0.004667776,3.803613924,0.974842445
"frozenset({'says', 'barack', 'president'})",frozenset({'obama'}),0.006221521,0.048194883,0.004819488,0.774647887,16.07323944,0.004519643,4.223635209,0.943655762
"frozenset({'president', 'barack', 'obama'})",frozenset({'says'}),0.009376095,0.137924991,0.004819488,0.514018692,3.726798798,0.00352629,1.773885114,0.738598368
"frozenset({'justin', 'selena', 'bieber'})",frozenset({'gomez'}),0.009901858,0.018752191,0.008675079,0.876106195,46.72020511,0.008489397,7.920071604,0.98838281
"frozenset({'justin', 'selena', 'gomez'})",frozenset({'bieber'}),0.011391518,0.015685244,0.008675079,0.761538462,48.55126773,0.0084964,4.127771559,0.990688663
"frozenset({'justin', 'bieber', 'gomez'})",frozenset({'selena'}),0.008675079,0.020942867,0.008675079,1,47.74895397,0.008493398,inf,0.987624856
"frozenset({'selena', 'bieber', 'gomez'})",frozenset({'justin'}),0.008675079,0.031107606,0.008675079,1,32.14647887,0.008405218,inf,0.977371166
"frozenset({'justin', 'selena'})","frozenset({'bieber', 'gomez'})",0.012968805,0.008675079,0.008675079,0.668918919,77.10810811,0.008562573,2.994205884,1
"frozenset({'justin', 'bieber'})","frozenset({'selena', 'gomez'})",0.015422362,0.018576937,0.008675079,0.5625,30.27948113,0.008388579,2.243252716,0.98212096
"frozenset({'justin', 'gomez'})","frozenset({'selena', 'bieber'})",0.011391518,0.009989485,0.008675079,0.761538462,76.2340081,0.008561283,4.151656999,0.998254124
"frozenset({'selena', 'bieber'})","frozenset({'justin', 'gomez'})",0.009989485,0.011391518,0.008675079,0.868421053,76.2340081,0.008561283,7.513424465,0.996840417
"frozenset({'bieber', 'gomez'})","frozenset({'justin', 'selena'})",0.008675079,0.012968805,0.008675079,1,77.10810811,0.008562573,inf,0.9956687
frozenset({'bieber'}),"frozenset({'justin', 'selena', 'gomez'})",0.015685244,0.011391518,0.008675079,0.553072626,48.55126773,0.0084964,2.212011479,0.995010193
"frozenset({'blake', 'shelton', 'gwen'})",frozenset({'stefani'}),0.009901858,0.012530669,0.009288468,0.938053097,74.86057306,0.009164391,15.94057634,0.996509125
"frozenset({'blake', 'shelton', 'stefani'})",frozenset({'gwen'}),0.009288468,0.013845075,0.009288468,1,72.2278481,0.009159869,inf,0.995400672
"frozenset({'blake', 'gwen', 'stefani'})",frozenset({'shelton'}),0.010778128,0.013582194,0.009288468,0.861788618,63.44988198,0.009142078,7.137022948,0.994963372
"frozenset({'shelton', 'gwen', 'stefani'})",frozenset({'blake'}),0.009288468,0.017437785,0.009288468,1,57.34673367,0.009126498,inf,0.991774279
"frozenset({'blake', 'shelton'})","frozenset({'gwen', 'stefani'})",0.013582194,0.012530669,0.009288468,0.683870968,54.57577261,0.009118274,3.123627474,0.995193766
"frozenset({'blake', 'gwen'})","frozenset({'shelton', 'stefani'})",0.011654399,0.009288468,0.009288468,0.796992481,85.80451128,0.009180217,4.880171619,1
"frozenset({'blake', 'stefani'})","frozenset({'shelton', 'gwen'})",0.010778128,0.009901858,0.009288468,0.861788618,87.03302396,0.009181745,7.163651265,0.999280482
"frozenset({'shelton', 'gwen'})","frozenset({'blake', 'stefani'})",0.009901858,0.010778128,0.009288468,0.938053097,87.03302396,0.009181745,15.96886736,0.998396084
"frozenset({'shelton', 'stefani'})","frozenset({'blake', 'gwen'})",0.009288468,0.011654399,0.009288468,1,85.80451128,0.009180217,inf,0.997611887
"frozenset({'gwen', 'stefani'})","frozenset({'blake', 'shelton'})",0.012530669,0.013582194,0.009288468,0.741258741,54.57577261,0.009118274,3.81237152,0.994134016
frozenset({'blake'}),"frozenset({'shelton', 'gwen', 'stefani'})",0.017437785,0.009288468,0.009288468,0.532663317,57.34673367,0.009126498,2.119909622,1
frozenset({'shelton'}),"frozenset({'blake', 'gwen', 'stefani'})",0.013582194,0.010778128,0.009288468,0.683870968,63.44988198,0.009142078,3.129171227,0.99779173
frozenset({'gwen'}),"frozenset({'blake', 'shelton', 'stefani'})",0.013845075,0.009288468,0.009288468,0.670886076,72.2278481,0.009159869,3.010238885,1
frozenset({'stefani'}),"frozenset({'blake', 'shelton', 'gwen'})",0.012530669,0.009901858,0.009288468,0.741258741,74.86057306,0.009164391,3.826595523,0.999162002
"frozenset({'katie', 'holmes', 'foxx'})",frozenset({'jamie'}),0.006834911,0.009025587,0.006834911,1,110.7961165,0.006773222,inf,0.997794247
"frozenset({'jamie', 'katie', 'foxx'})",frozenset({'holmes'}),0.006834911,0.010690501,0.006834911,1,93.54098361,0.006761842,inf,0.996117875
"frozenset({'jamie', 'holmes', 'foxx'})",frozenset({'katie'}),0.006834911,0.011128637,0.006834911,1,89.85826772,0.006758847,inf,0.995676725
"frozenset({'katie', 'holmes', 'jamie'})",frozenset({'foxx'}),0.008236944,0.007010165,0.006834911,0.829787234,118.3691489,0.006777168,5.833815282,0.999787042
"frozenset({'katie', 'foxx'})","frozenset({'holmes', 'jamie'})",0.006834911,0.008236944,0.006834911,1,121.4042553,0.006778612,inf,0.998588318
"frozenset({'holmes', 'foxx'})","frozenset({'katie', 'jamie'})",0.006834911,0.008236944,0.006834911,1,121.4042553,0.006778612,inf,0.998588318
"frozenset({'jamie', 'foxx'})","frozenset({'katie', 'holmes'})",0.007010165,0.010602874,0.006834911,0.975,91.95619835,0.006760583,39.57588503,0.996108139
"frozenset({'katie', 'holmes'})","frozenset({'jamie', 'foxx'})",0.010602874,0.007010165,0.006834911,0.644628099,91.95619835,0.006760583,2.794227211,0.999725218
"frozenset({'katie', 'jamie'})","frozenset({'holmes', 'foxx'})",0.008236944,0.006834911,0.006834911,0.829787234,121.4042553,0.006778612,5.8348449,1
"frozenset({'holmes', 'jamie'})","frozenset({'katie', 'foxx'})",0.008236944,0.006834911,0.006834911,0.829787234,121.4042553,0.006778612,5.8348449,1
frozenset({'foxx'}),"frozenset({'katie', 'holmes', 'jamie'})",0.007010165,0.008236944,0.006834911,0.975,118.3691489,0.006777168,39.67052226,0.998551866
frozenset({'katie'}),"frozenset({'jamie', 'holmes', 'foxx'})",0.011128637,0.006834911,0.006834911,0.614173228,89.85826772,0.006758847,2.574121762,1
frozenset({'holmes'}),"frozenset({'jamie', 'katie', 'foxx'})",0.010690501,0.006834911,0.006834911,0.639344262,93.54098361,0.006761842,2.75377593,1
frozenset({'jamie'}),"frozenset({'katie', 'holmes', 'foxx'})",0.009025587,0.006834911,0.006834911,0.757281553,110.7961165,0.006773222,4.091840168,1
"frozenset({'meghan', 'markle', 'harry'})",frozenset({'prince'}),0.006834911,0.013757448,0.006572029,0.961538462,69.8922097,0.006477999,25.64230634,0.992475737
"frozenset({'meghan', 'markle', 'prince'})",frozenset({'harry'}),0.007273046,0.014107957,0.006572029,0.903614458,64.04998877,0.006469422,10.22862995,0.991599141
"frozenset({'meghan', 'harry', 'prince'})",frozenset({'markle'}),0.007535927,0.014107957,0.006572029,0.872093023,61.81568684,0.006465713,7.707883249,0.99129319
"frozenset({'markle', 'harry', 'prince'})",frozenset({'meghan'}),0.006659657,0.019628461,0.006572029,0.986842105,50.27608083,0.006441311,74.50823694,0.986680781
"frozenset({'meghan', 'harry'})","frozenset({'markle', 'prince'})",0.009025587,0.007360673,0.006572029,0.72815534,98.92510402,0.006505595,3.651494667,0.998907065
"frozenset({'meghan', 'prince'})","frozenset({'markle', 'harry'})",0.008412198,0.006922538,0.006572029,0.78125,112.8560127,0.006513796,4.539782685,0.999547543
"frozenset({'markle', 'harry'})","frozenset({'meghan', 'prince'})",0.006922538,0.008412198,0.006572029,0.949367089,112.8560127,0.006513796,19.5838591,0.998048178
"frozenset({'markle', 'prince'})","frozenset({'meghan', 'harry'})",0.007360673,0.009025587,0.006572029,0.892857143,98.92510402,0.006505595,9.24909452,0.997231638
"frozenset({'harry', 'prince'})","frozenset({'meghan', 'markle'})",0.008850333,0.014020329,0.006572029,0.742574257,52.96410891,0.006447945,3.830151797,0.989880058
"frozenset({'scott', 'travis', 'jenner'})",frozenset({'kylie'}),0.004118472,0.014633719,0.004030845,0.978723404,66.88138616,0.003970576,46.31221521,0.989121827
"frozenset({'scott', 'travis', 'kylie'})",frozenset({'jenner'}),0.004381353,0.02891693,0.004030845,0.92,31.81527273,0.003904149,12.13853838,0.97283087
"frozenset({'scott', 'kylie', 'jenner'})",frozenset({'travis'}),0.004118472,0.006221521,0.004030845,0.978723404,157.3125562,0.004005222,46.7075885,0.997752444
"frozenset({'travis', 'jenner', 'kylie'})",frozenset({'scott'}),0.004731861,0.023922187,0.004030845,0.851851852,35.60927961,0.003917648,6.588525237,0.976538276
"frozenset({'scott', 'travis'})","frozenset({'kylie', 'jenner'})",0.004819488,0.011829653,0.004030845,0.836363636,70.70060606,0.003973832,6.038818787,0.99063018
"frozenset({'scott', 'jenner'})","frozenset({'travis', 'kylie'})",0.004731861,0.005082369,0.004030845,0.851851852,167.6091954,0.004006796,6.715694006,0.998759733
"frozenset({'scott', 'kylie'})","frozenset({'travis', 'jenner'})",0.004556607,0.004907115,0.004030845,0.884615385,180.271978,0.004008485,8.624138334,0.999004899
"frozenset({'travis', 'jenner'})","frozenset({'scott', 'kylie'})",0.004907115,0.004556607,0.004030845,0.821428571,180.271978,0.004008485,5.574483,0.999356785
"frozenset({'travis', 'kylie'})","frozenset({'scott', 'jenner'})",0.005082369,0.004731861,0.004030845,0.793103448,167.6091954,0.004006796,4.810462671,0.999111594
frozenset({'travis'}),"frozenset({'scott', 'kylie', 'jenner'})",0.006221521,0.004118472,0.004030845,0.647887324,157.3125562,0.004005222,2.82830354,0.999863903
"frozenset({'kanye', 'west', 'kim'})",frozenset({'kardashian'}),0.006834911,0.036452857,0.005783386,0.846153846,23.21227811,0.005534234,6.263056432,0.963504821
"frozenset({'kanye', 'west', 'kardashian'})",frozenset({'kim'}),0.006133894,0.024623204,0.005783386,0.942857143,38.29140824,0.00563235,17.06909394,0.979895054
"frozenset({'kanye', 'kim', 'kardashian'})",frozenset({'west'}),0.0074483,0.012705924,0.005783386,0.776470588,61.11091278,0.005688748,4.416841921,0.991017708
"frozenset({'west', 'kim', 'kardashian'})",frozenset({'kanye'}),0.006659657,0.014546092,0.005783386,0.868421053,59.70133164,0.005686514,7.489449702,0.989841962
"frozenset({'kanye', 'west'})","frozenset({'kim', 'kardashian'})",0.01042762,0.018927445,0.005783386,0.554621849,29.30252101,0.005586018,2.202785548,0.976051134
"frozenset({'kanye', 'kim'})","frozenset({'west', 'kardashian'})",0.009726604,0.007010165,0.005783386,0.594594595,84.81891892,0.005715201,2.449374927,0.997916516
"frozenset({'kanye', 'kardashian'})","frozenset({'west', 'kim'})",0.007798808,0.007798808,0.005783386,0.741573034,95.08799394,0.005722564,3.83938722,0.997260872
"frozenset({'west', 'kim'})","frozenset({'kanye', 'kardashian'})",0.007798808,0.007798808,0.005783386,0.741573034,95.08799394,0.005722564,3.83938722,0.997260872
"frozenset({'west', 'kardashian'})","frozenset({'kanye', 'kim'})",0.007010165,0.009726604,0.005783386,0.825,84.81891892,0.005715201,5.658705122,0.995186599
